2,Streptopelia decipiens,17.5,1.3,1.9,45,6,41,30,71,57
3,Pteronura brasiliensis,18.1,1.3,1.8,38,21,84,7,17,20
4,Phoca vitulina,86.0,1.4,1.7,91,18,51,82,46,66
5,Ctenophorus ornatus,68.2,1.2,1.0,3,7,46,97,67,44
6,Mirounga leonina,6.6,1.5,2.0,40,48,37,62,37,52
7,Choriotis kori,75.2,1.6,1.1,88,22,8,1,10,12
8,Spermophilus tridecemlineatus,87.0,1.4,1.3,72,5,27,79,80,25
9,Felis chaus,67.5,1.8,1.0,80,92,41,18,44,46
10,Sarcophilus harrisii,18.0,1.4,1.9,80,44,79,75,63,21
11,Francolinus leucoscepus,99.6,1.0,1.8,10,65,81,72,6,87
12,Vulpes chama,47.5,1.7,1.5,11,48,37,2,94,77
13,Erethizon dorsatum,72.1,1.7,1.5,40,70,4,47,58,97
14,Ceratotherium simum,59.5,1.3,1.7,13,24,54,55,99,40
15,Equus hemionus,9.0,1.9,1.3,87,28,52,21,64,99
16,Streptopelia senegalensis,93.2,1.7,1.1,64,94,7,8,5,27
17,Himantopus himantopus,75.3,1.4,1.3,42,3,74,39,20,83
18,Anastomus oscitans,92.5,1.6,1.4,79,68,25,9,72,87
19,Sciurus niger,11.7,1.8,1.8,84,43,22,68,29,53
20,Anastomus oscitans,73.5,1.9,1.2,32,60,70,75,17,79
21,Alopex lagopus,77.4,1.2,1.8,99,47,74,36,96,35
22,Dusicyon thous,16.1,2.0,1.4,64,48,69,76,7,84
23,Threskionis aethiopicus,23.1,1.2,1.8,81,86,89,98,85,21
24,Ardea golieth,93.7,1.7,1.6,45,48,60,99,59,70
25,Connochaetus taurinus,94.9,1.7,1.6,36,39,11,58,11,85
26,Mycteria ibis,79.9,1.3,1.1,43,32,24,42,82,40
27,Alouatta seniculus,97.3,1.7,1.6,23,1,30,3,89,75
28,Bubalornis niger,14.9,1.4,1.4,88,52,21,10,69,11
29,Canis lupus lycaon,73.5,1.6,1.4,96,56,37,65,89,21
30,Nasua narica,39.2,1.5,1.1,14,52,82,27,61,7
31,Smithopsis crassicaudata,40.1,1.1,1.9,23,14,40,56,35,45
32,Trichoglossus chlorolepidotus,50.5,1.9,2.0,6,92,9,66,68,90
33,Lemur fulvus,22.8,1.8,1.7,76,12,39,37,32,33
34,Iguana iguana,56.6,1.4,1.7,87,29,49,54,5,71
35,Propithecus verreauxi,74.8,1.3,1.0,99,82,52,68,66,37
36,Connochaetus taurinus,73.2,1.7,1.2,43,4,40,9,51,60
37,Fratercula corniculata,38.6,1.7,1.6,90,58,48,32,19,52
38,Crotalus triseriatus,29.8,1.3,1.5,45,11,56,63,79,90
39,Crocuta crocuta,47.9,2.0,1.3,67,9,61,52,40,62
40,Geospiza sp.,23.0,1.4,1.8,15,52,9,38,29,52
41,Cyrtodactylus louisiadensis,72.1,1.7,1.0,91,42,17,37,10,43
42,Neotis denhami,86.7,1.4,1.1,81,21,2,92,96,49
43,Varanus sp.,96.3,1.7,1.2,40,54,79,16,71,87
44,unavailable,18.6,1.6,1.9,49,5,8,81,71,89
45,Bucorvus leadbeateri,49.9,1.1,1.4,41,1,81,54,61,97
46,Coluber constrictor foxii,82.6,1.7,1.1,40,41,62,42,13,22
47,Macropus rufogriseus,78.4,1.0,1.5,71,60,42,1,16,6
48,Trichosurus vulpecula,24.1,1.5,1.0,56,97,57,43,78,80
49,Scolopax minor,28.3,1.7,1.8,5,85,18,79,5,26
50,Lepus townsendii,25.9,1.9,1.4,39,74,33,97,52,9
51,Eutamias minimus,15.7,1.5,1.2,77,15,72,36,88,76
52,Nannopterum harrisi,88.9,1.3,1.9,9,28,22,31,14,6
53,Canis mesomelas,57.0,1.8,1.4,57,48,85,89,96,10
54,Acinynox jubatus,83.6,1.5,1.3,92,46,78,98,29,66
55,Larus fuliginosus,10.2,1.7,2.0,80,70,71,71,87,98
56,Dusicyon thous,36.9,1.5,1.0,5,79,78,27,31,31
57,Oxybelis sp.,72.8,1.1,1.1,51,3,9,89,86,57
58,Equus burchelli,5.3,1.5,1.9,14,5,40,83,88,58
59,Pseudoleistes virescens,52.9,1.9,1.5,75,60,46,57,80,27
60,Grus rubicundus,88.3,1.1,1.7,72,26,28,42,85,63
61,Geococcyx californianus,8.4,1.7,2.0,76,52,7,6,46,54
62,Eumetopias jubatus,24.6,1.0,1.2,14,18,43,96,68,42
63,Panthera leo,14.5,1.2,1.9,91,62,11,5,16,42
64,Uraeginthus bengalus,91.4,1.2,1.8,39,21,80,23,52,60
65,Varanus sp.,41.1,1.6,1.4,15,77,17,24,29,71
66,Panthera leo persica,98.3,1.5,2.0,85,25,8,29,78,18
67,Bucorvus leadbeateri,53.4,1.5,1.1,94,59,12,12,95,84
68,Canis lupus,95.5,1.8,1.4,75,5,47,16,31,4
69,Iguana iguana,81.7,1.5,1.5,53,72,21,33,47,25
70,Redunca redunca,79.6,1.2,1.5,88,51,20,95,11,28
71,Gazella granti,2.8,1.3,1.6,75,19,19,37,52,76
72,Ramphastos tucanus,51.4,1.6,1.3,80,85,13,39,84,99
73,Eudromia elegans,60.9,1.1,1.8,15,84,30,64,95,18
74,Psophia viridis,73.3,1.5,1.5,18,89,59,97,32,96
75,Pycnonotus nigricans,34.9,1.6,1.1,2,84,15,4,57,69
76,Cyrtodactylus louisiadensis,28.7,1.1,1.9,2,53,17,29,54,91
77,Limosa haemastica,86.4,1.2,2.0,22,72,11,10,42,95
78,Graspus graspus,25.5,1.9,1.1,24,20,29,61,43,50
79,Rhea americana,55.9,1.1,1.0,98,67,63,35,78,18
80,Loris tardigratus,70.3,1.1,2.0,91,33,84,45,45,54
81,Capreolus capreolus,88.0,1.2,1.2,23,98,55,88,8,71
82,Microcebus murinus,45.2,1.9,1.7,30,98,39,4,100,92
83,Myotis lucifugus,24.9,1.9,1.1,23,10,58,71,17,28
84,Crax sp.,97.6,1.6,2.0,79,7,41,23,44,1
85,Hymenolaimus malacorhynchus,4.5,1.7,1.5,44,38,12,78,30,18
86,Vanellus chilensis,49.5,1.8,1.5,61,1,92,62,31,85
87,Spermophilus parryii,57.6,1.5,1.2,45,4,81,97,88,6
88,Eudromia elegans,44.0,1.4,1.9,32,38,12,71,42,19
89,Eubalaena australis,13.2,1.5,1.1,1,83,41,98,35,62
90,unavailable,96.7,1.6,1.7,16,65,22,30,34,79
91,Nyctea scandiaca,95.0,1.8,1.3,94,36,68,95,15,76
92,Antidorcas marsupialis,21.3,1.6,1.1,99,18,81,97,100,18
93,Chauna torquata,12.6,1.9,1.8,71,67,73,96,96,79
94,Limnocorax flavirostra,64.2,1.8,1.9,99,92,50,89,21,16
95,Ephippiorhynchus mycteria,71.1,1.8,1.1,91,61,81,3,92,12
96,Ateles paniscus,54.5,1.5,1.1,66,51,92,23,7,94
97,Halcyon smyrnesis,99.9,1.5,1.5,76,84,68,58,55,65
98,Actophilornis africanus,64.5,1.6,1.7,78,21,80,90,77,95
99,Ursus americanus,17.4,1.1,1.5,93,4,92,98,33,73
100,Tauraco porphyrelophus,37.0,1.1,1.1,6,7,88,13,27,32
101,Haliaeetus leucocephalus,58.1,1.6,1.8,11,98,55,87,52,33
102,Cervus elaphus,90.4,1.6,1.8,3,56,23,28,91,81
103,Dusicyon thous,82.0,1.6,1.6,56,59,98,57,70,83
104,Recurvirostra avosetta,62.3,1.3,1.2,50,24,81,94,20,11
105,Petaurus norfolcensis,2.8,1.3,1.1,81,25,30,77,23,20
106,Upupa epops,8.3,1.2,1.9,2,34,27,58,65,60
107,Tyto novaehollandiae,17.0,1.5,1.9,93,48,54,24,43,28
108,Eolophus roseicapillus,26.0,1.2,1.7,42,41,100,55,88,62
109,Neophron percnopterus,48.0,1.9,1.7,32,76,85,81,36,13
110,Felis libyca,56.5,1.5,2.0,97,69,24,32,40,96
111,Dendrocitta vagabunda,9.2,1.4,1.7,98,44,71,18,50,18
112,Rhea americana,51.3,1.6,2.0,12,77,38,50,14,7
113,Sagittarius serpentarius,56.8,1.2,1.2,23,57,28,64,62,21
114,Hystrix indica,11.0,1.4,2.0,24,50,73,80,17,41
115,Cordylus giganteus,84.6,1.0,1.1,39,97,79,27,77,96
116,Larus novaehollandiae,82.3,1.7,1.8,17,75,75,78,39,34
117,Castor canadensis,16.0,1.7,1.9,27,50,26,15,57,92
118,Hippotragus niger,89.2,1.0,1.0,7,26,73,73,57,97
119,Gabianus pacificus,83.4,1.1,1.8,58,47,100,10,77,53
120,Choloepus hoffmani,47.6,1.6,1.1,93,86,27,89,50,73
121,Paroaria gularis,77.8,1.2,1.9,38,36,4,80,94,22
122,Haliaetus vocifer,85.6,1.2,1.3,67,94,31,34,80,97
123,Tyto novaehollandiae,59.2,1.2,1.8,35,32,29,51,35,46
124,Genetta genetta,16.0,1.2,1.6,1,2,100,44,100,7
125,Tiliqua scincoides,86.9,1.6,1.6,11,28,94,8,53,34
126,Columba livia,75.3,1.1,1.7,9,87,47,38,92,69
127,Laniarius ferrugineus,75.6,1.3,1.2,45,75,45,67,48,18
128,unavailable,84.4,1.1,1.9,21,89,92,25,3,65
129,Chlidonias leucopterus,37.9,1.7,1.6,66,28,96,89,37,85
130,Mungos mungo,30.1,1.9,1.3,55,93,43,61,55,1
131,Gekko gecko,93.0,1.4,1.4,38,7,30,37,63,16
132,Ratufa indica,28.8,1.1,1.3,94,83,21,76,17,95
133,Cervus duvauceli,2.6,1.1,1.5,36,61,71,31,90,5
134,Chlamydosaurus kingii,63.5,1.5,1.8,76,25,92,9,22,21
135,Falco peregrinus,34.4,1.6,1.1,33,17,17,66,64,36
136,Zenaida asiatica,79.0,1.4,1.1,33,9,41,17,43,46
137,Hyaena hyaena,69.4,2.0,1.2,49,67,37,22,78,81
138,Cebus apella,25.0,1.2,1.6,11,73,9,76,31,22
139,Nyctanassa violacea,6.4,1.5,1.8,63,15,78,57,19,10
140,Martes americana,60.8,1.7,1.6,41,41,26,4,29,60
141,Mycteria leucocephala,63.5,1.6,1.9,35,99,21,1,9,95
142,Varanus albigularis,95.3,1.3,1.7,21,11,94,87,89,100
143,Cochlearius cochlearius,84.1,1.9,1.8,57,71,90,81,68,80
144,Thylogale stigmatica,30.7,1.5,1.7,48,84,47,40,35,54
145,Cracticus nigroagularis,53.5,1.5,2.0,47,36,63,2,51,91
146,Equus hemionus,74.8,1.5,1.5,7,8,37,99,32,69
147,Macropus fuliginosus,35.3,1.3,1.5,84,21,35,84,33,22
148,Cercopithecus aethiops,26.0,2.0,1.5,3,56,23,86,10,25
149,Varanus salvator,72.9,1.4,1.5,38,81,58,68,86,18
150,Ratufa indica,10.0,1.6,1.1,83,59,62,63,48,95
151,Cebus albifrons,4.0,1.2,1.1,100,89,62,9,44,42
152,Phasianus colchicus,81.8,1.2,1.8,58,92,94,59,11,93
153,Pycnonotus nigricans,53.9,1.2,1.8,95,50,24,82,58,99
154,Prionace glauca,19.1,1.2,1.2,66,37,18,63,35,86
155,Felis wiedi or Leopardus weidi,24.6,1.6,1.6,29,94,88,54,23,32
156,Thylogale stigmatica,40.6,1.0,1.8,98,42,41,30,8,13
157,Hystrix cristata,36.4,1.2,1.3,98,5,71,24,31,11
158,Chelodina longicollis,53.1,1.6,1.4,98,36,67,59,40,31
159,Bison bison,57.5,1.5,1.4,4,39,1,99,11,90
160,Estrilda erythronotos,62.2,1.7,1.0,100,2,12,93,16,57
161,Papilio canadensis,35.8,1.9,1.3,49,84,72,91,4,77
162,Actophilornis africanus,82.1,1.5,1.1,62,44,49,27,24,4
163,Redunca redunca,15.4,1.3,1.7,60,6,53,11,53,42
164,Ardea cinerea,47.1,1.3,1.0,47,54,45,90,60,54
165,unavailable,74.6,2.0,1.5,62,67,70,28,90,31
166,Phalaropus fulicarius,69.7,1.2,1.4,21,76,24,12,27,5
167,Eubalaena australis,93.1,1.5,1.7,89,23,70,93,29,69
168,Herpestes javanicus,6.5,1.7,1.4,19,27,33,52,39,1
169,Antilocapra americana,40.8,1.3,1.8,98,43,5,18,37,98
170,Myrmecobius fasciatus,8.3,1.5,1.8,79,28,42,25,40,72
171,Butorides striatus,78.7,1.6,1.7,50,50,58,68,11,34
172,Papio cynocephalus,97.0,1.2,1.7,85,93,78,30,76,92
173,Dusicyon thous,3.4,1.5,1.8,19,9,64,5,8,73
174,Cebus apella,69.4,1.4,1.9,67,53,25,75,90,41
175,Bassariscus astutus,83.3,1.3,2.0,10,78,95,72,48,35
176,Funambulus pennati,56.1,1.1,1.3,46,21,97,88,89,19
177,Laniaurius atrococcineus,9.8,1.6,1.9,1,37,47,29,50,61
178,Semnopithecus entellus,1.5,1.9,1.2,71,97,42,84,50,55
179,Graspus graspus,25.6,1.2,1.3,33,88,21,50,2,34
180,Cochlearius cochlearius,65.8,1.4,1.8,70,30,78,82,95,23
181,Ammospermophilus nelsoni,37.8,1.5,1.8,100,27,66,95,29,63
182,Stercorarius longicausus,84.1,1.4,1.2,95,85,19,27,65,3
183,Cebus albifrons,5.6,1.2,1.9,21,19,79,99,99,18
184,Bubalornis niger,46.6,1.7,1.7,21,14,50,39,16,3
185,Heloderma horridum,24.6,1.5,1.3,60,4,53,6,5,5
186,Meles meles,70.2,1.4,1.0,67,60,56,53,65,61
187,Hymenolaimus malacorhynchus,42.7,1.2,1.8,25,57,19,41,88,13
188,Lutra canadensis,73.1,1.9,1.6,51,96,98,10,9,62
189,Chauna torquata,85.1,1.2,1.8,38,49,75,51,15,11
190,Spermophilus parryii,6.3,1.5,1.9,43,87,91,48,10,55
191,Macropus eugenii,27.8,1.1,1.4,15,88,47,54,24,25
192,Panthera pardus,41.8,1.6,1.2,69,88,7,73,61,15
193,Ninox superciliaris,62.7,1.6,1.2,11,30,70,26,13,87
194,Francolinus coqui,87.8,1.2,1.0,100,66,55,37,56,14
195,Lamprotornis nitens,86.7,1.3,1.3,68,20,61,4,87,67
196,Columba palumbus,100.0,1.4,1.3,85,19,46,88,47,14
197,Tapirus terrestris,5.7,1.2,1.1,16,35,57,26,32,18
198,Bugeranus caruncalatus,47.8,1.4,1.9,66,89,48,67,39,90
199,unavailable,80.6,1.8,1.6,22,15,66,12,17,7
200,Xerus sp.,22.5,1.3,1.2,66,52,46,31,29,31
201,Macropus agilis,3.2,1.2,1.5,73,84,44,14,21,15
202,Tachybaptus ruficollis,4.3,1.7,1.4,4,68,74,68,15,75
203,Dicrostonyx groenlandicus,92.6,1.6,1.7,57,76,91,88,25,40
204,Smithopsis crassicaudata,67.0,1.6,1.0,27,34,53,35,64,81
205,Ciconia episcopus,84.7,1.5,1.4,87,15,43,40,52,26
206,Xerus sp.,7.1,1.0,1.8,48,9,19,76,35,55
207,Sylvicapra grimma,83.3,1.3,1.4,67,41,49,55,25,52
208,Orcinus orca,46.8,1.4,1.1,83,45,48,13,32,85
209,Bassariscus astutus,72.1,2.0,1.8,56,35,88,43,16,2
210,Macaca nemestrina,85.6,1.6,1.8,74,75,71,58,3,49
211,Cacatua tenuirostris,55.3,1.6,1.2,70,20,85,21,59,31
212,Caiman crocodilus,96.5,1.2,1.1,95,13,28,11,3,92
213,Connochaetus taurinus,90.5,1.1,1.7,5,13,92,10,71,46
214,Crotaphytus collaris,27.6,2.0,1.5,1,10,55,46,54,36
215,unavailable,92.4,1.6,1.2,12,30,51,43,27,15
216,Phoenicopterus ruber,62.0,1.5,1.8,83,57,10,57,57,94
217,Larus dominicanus,66.5,1.5,1.3,57,60,95,35,45,32
218,Madoqua kirkii,93.2,1.5,1.4,84,77,87,56,26,74
219,Suricata suricatta,22.8,1.5,1.3,91,46,50,80,68,88
220,Anas punctata,38.9,1.4,1.8,92,84,61,8,17,22
221,Tachybaptus ruficollis,28.7,1.9,1.8,32,1,14,71,38,30
222,Sylvicapra grimma,37.4,1.8,1.9,95,34,81,44,75,50
223,Alouatta seniculus,68.3,1.9,1.4,88,19,17,24,50,25
224,Casmerodius albus,47.0,1.1,1.6,44,96,39,65,56,49
225,Acrobates pygmaeus,26.0,1.2,1.8,78,89,15,45,10,88
226,Bos mutus,64.5,1.3,1.3,88,41,75,42,38,53
227,Alopex lagopus,61.9,1.9,1.7,81,93,18,97,83,73
228,unavailable,13.7,1.3,1.3,24,4,15,34,72,82
229,Ara chloroptera,92.4,1.0,1.4,41,97,85,62,48,20
230,Vanessa indica,74.5,1.2,1.0,1,41,84,27,65,53
231,Chlidonias leucopterus,53.6,1.9,1.3,100,8,25,89,41,32
232,Giraffe camelopardalis,10.5,1.0,1.9,5,38,46,88,19,96
233,Lycosa godeffroyi,26.5,1.6,1.2,95,31,65,17,1,32
234,Trichosurus vulpecula,59.2,1.6,1.5,10,97,22,19,75,4
235,Petaurus norfolcensis,57.8,1.0,1.7,96,14,96,97,66,33
236,Eubalaena australis,21.3,1.2,1.6,84,70,82,12,89,20
237,Ara macao,66.8,1.4,1.1,50,43,63,57,99,16
238,Libellula quadrimaculata,43.9,1.5,1.0,24,42,24,96,15,100
239,Bos frontalis,51.0,1.9,1.9,39,4,80,71,83,52
240,Oryx gazella,97.2,1.9,1.1,97,56,14,71,33,17
241,Diomedea irrorata,41.7,1.4,1.4,84,67,30,76,6,37
242,Dasyurus viverrinus,90.1,1.1,1.2,76,54,66,95,97,80
243,Junonia genoveua,38.3,1.5,1.4,20,60,66,97,70,31
244,unavailable,84.3,1.9,1.9,44,56,79,96,22,31
245,Spermophilus richardsonii,96.8,1.5,1.0,63,47,80,92,65,44
246,Hystrix cristata,11.1,1.6,1.7,43,92,30,3,97,38
247,Balearica pavonina,31.5,1.5,1.7,24,100,49,65,54,68
248,Ammospermophilus nelsoni,11.2,1.5,1.4,26,28,75,52,61,11
249,Odocoileus hemionus,11.0,1.0,1.7,37,50,9,67,14,92
250,Eolophus roseicapillus,71.5,1.1,1.2,94,35,32,99,36,25
251,Phoenicopterus ruber,7.0,1.9,2.0,4,1,58,75,60,10
252,Milvago chimachima,20.0,1.7,1.7,78,48,8,43,64,59
253,Suricata suricatta,92.0,1.0,1.7,14,69,34,82,72,56
254,Anas punctata,17.3,1.7,1.4,76,21,41,56,33,40
255,Lamprotornis nitens,61.6,1.4,1.3,87,63,1,36,25,84
256,Alopex lagopus,4.5,1.8,1.6,35,35,19,91,50,95
257,Hydrochoerus hydrochaeris,94.3,1.3,1.8,53,34,96,35,74,95
258,Phoenicopterus chilensis,70.9,1.7,1.8,10,23,13,56,65,1
259,Colobus guerza,22.5,1.5,1.0,36,72,19,38,7,82
260,Eurocephalus anguitimens,74.5,1.6,1.3,55,57,2,5,14,46
261,Trichoglossus chlorolepidotus,99.0,1.4,1.7,76,25,56,98,77,59
262,Melophus lathami,31.3,1.4,2.0,43,74,24,68,44,53
263,Boselaphus tragocamelus,18.4,1.8,1.1,12,26,20,12,52,82
264,Delphinus delphis,37.8,1.1,1.5,53,92,58,93,62,23
265,Paradoxurus hermaphroditus,34.5,1.7,1.2,41,30,100,47,32,72
266,Melophus lathami,86.4,1.2,2.0,76,11,98,87,53,15
267,Notechis semmiannulatus,93.2,1.8,1.2,24,80,32,23,67,21
268,Phalacrocorax varius,89.2,1.9,1.0,35,89,9,88,9,31
269,Phalacrocorax carbo,71.7,1.3,1.7,81,52,15,25,86,11
270,Oreamnos americanus,81.0,1.7,1.6,57,16,45,14,15,66
271,Paraxerus cepapi,91.3,1.3,1.4,26,42,98,59,11,63
272,Hystrix indica,37.1,1.9,1.1,28,86,66,21,88,24
273,Deroptyus accipitrinus,56.3,1.4,1.3,29,57,49,68,42,97
274,Ratufa indica,93.6,2.0,1.3,95,14,23,32,99,16
275,Ploceus intermedius,51.9,1.9,1.2,78,64,94,48,45,95
276,Martes americana,92.6,1.4,1.4,72,33,20,73,53,91
277,Otaria flavescens,88.3,1.7,1.7,79,30,32,73,96,76
278,Spizaetus coronatus,54.7,1.7,1.2,35,47,30,29,94,58
279,Cygnus buccinator,44.9,1.4,2.0,49,34,31,3,78,52
280,Eutamias minimus,44.4,1.6,1.9,53,7,53,84,68,49
281,Paradoxurus hermaphroditus,54.9,1.8,1.4,97,88,14,66,23,49
282,Coluber constrictor foxii,75.1,1.7,1.6,80,46,47,64,90,67
283,Ara chloroptera,16.1,1.3,1.3,65,52,71,6,36,25
284,Ara chloroptera,74.1,1.0,1.1,3,36,20,13,29,50
285,Kobus leche robertsi,42.8,1.9,1.9,24,17,23,81,77,50
286,Paroaria gularis,59.4,1.4,1.9,26,59,62,61,13,58
287,Priodontes maximus,35.7,1.9,1.3,6,19,46,50,48,94
288,Eremophila alpestris,82.7,1.9,1.6,43,84,73,16,65,55
289,Felis chaus,96.8,1.9,1.2,36,43,52,78,12,58
290,Aonyx cinerea,46.0,1.8,1.3,26,68,65,22,29,83
291,Tauraco porphyrelophus,74.0,1.7,1.9,50,41,55,33,35,14
292,Nesomimus trifasciatus,20.0,1.5,1.2,60,51,29,25,45,12
293,Fregata magnificans,88.0,1.9,1.7,14,67,7,81,32,87
294,Rangifer tarandus,98.5,1.8,1.8,65,36,97,78,22,13
295,Phalacrocorax brasilianus,61.6,1.4,1.9,72,57,43,11,84,95
296,Redunca redunca,83.6,1.1,1.4,75,52,57,59,74,55
297,Ephipplorhynchus senegalensis,26.5,1.1,1.5,3,16,54,25,100,61
298,Varanus sp.,21.5,1.2,1.8,92,37,48,72,37,23
299,Ara chloroptera,81.7,1.8,1.3,36,67,94,88,40,89
300,Lutra canadensis,30.5,1.8,1.4,24,63,15,92,85,54
301,Dendrocygna viduata,92.8,1.9,1.2,42,75,79,15,49,14
302,Ciconia ciconia,86.9,1.1,1.1,68,93,60,37,87,95
303,Pelecanus conspicillatus,18.3,1.9,1.2,83,21,62,14,54,70
304,Phalacrocorax carbo,90.5,1.4,1.0,28,98,77,45,73,14
305,Cebus nigrivittatus,65.3,1.1,1.6,43,59,76,81,38,10
306,Milvus migrans,52.0,1.4,1.8,73,21,70,30,53,71
307,Galictis vittata,64.2,1.7,1.5,40,53,87,40,66,62
308,Ornithorhynchus anatinus,69.8,1.3,1.9,46,98,47,54,69,24
309,Vulpes chama,69.8,1.9,1.3,45,92,7,100,22,39
310,Plegadis falcinellus,47.3,1.4,1.2,30,19,97,85,43,71
311,Lutra canadensis,21.6,1.3,1.2,13,21,66,67,22,26
312,Ursus maritimus,10.5,1.0,1.6,59,71,46,84,5,70
313,Climacteris melanura,51.2,1.6,1.1,45,37,77,90,3,59
314,Papilio canadensis,8.0,1.8,1.3,86,45,49,82,97,77
315,Uraeginthus granatina,11.5,1.7,1.6,87,13,29,38,82,24
316,Plegadis ridgwayi,63.7,1.4,1.3,40,65,85,30,53,63
317,Cacatua tenuirostris,26.1,1.9,1.0,43,62,12,47,18,15
318,Paradoxurus hermaphroditus,21.2,1.9,1.5,62,64,22,74,99,55
319,Eira barbata,18.1,1.3,1.2,93,45,29,40,78,35
320,Callorhinus ursinus,2.1,1.3,1.2,63,33,4,45,27,100
321,Bubalus arnee,92.7,1.9,1.2,95,90,2,1,57,77
322,Gyps fulvus,65.6,1.9,1.0,78,81,42,82,85,60
323,Crocuta crocuta,65.5,1.4,1.3,77,54,30,93,76,39
324,Callipepla gambelii,89.0,1.3,1.8,87,71,53,37,41,91
325,Coluber constrictor,95.5,1.3,1.2,18,77,14,6,48,97
326,Ovis dalli stonei,54.7,1.7,1.9,72,80,17,42,72,96
327,Gerbillus sp.,93.3,1.1,1.7,4,62,95,88,52,43
328,Oryx gazella,49.3,1.7,1.9,73,56,54,12,99,36
329,Zosterops pallidus,97.6,1.9,2.0,3,14,15,77,41,60
330,Macropus rufogriseus,85.2,1.1,1.6,28,64,87,10,83,38
331,Choriotis kori,63.0,1.5,1.8,53,72,62,5,1,80
332,Manouria emys,39.1,1.7,1.8,30,72,44,37,90,6
333,Genetta genetta,5.0,2.0,1.0,92,45,31,12,4,42
334,Canis mesomelas,85.1,1.3,2.0,83,59,77,51,34,98
335,Aonyx cinerea,20.8,1.8,1.5,14,43,47,47,75,57
336,Spizaetus coronatus,26.5,1.2,1.4,70,60,36,72,88,100
337,Lamprotornis nitens,20.7,1.9,1.7,56,84,19,12,53,10
338,Acrobates pygmaeus,19.1,1.1,1.1,14,5,72,22,97,86
339,Anas bahamensis,7.8,2.0,1.3,59,32,49,33,10,21
340,Lemur catta,19.3,1.7,1.2,94,48,66,56,54,49
341,Trichosurus vulpecula,44.0,1.3,1.1,12,25,20,57,70,3
342,Orcinus orca,44.9,1.8,1.4,66,30,72,22,34,52
343,Coluber constrictor,36.2,1.8,1.1,96,34,66,43,95,16
344,Didelphis virginiana,19.0,1.3,1.9,13,2,44,56,57,47
345,Anathana ellioti,52.9,2.0,1.7,100,64,38,41,61,86
346,Stercorarius longicausus,50.4,1.7,1.2,71,36,68,79,33,2
347,Propithecus verreauxi,78.5,1.9,1.3,65,9,19,83,7,39
348,Phalaropus lobatus,85.5,1.5,1.1,1,46,52,10,29,53
349,Varanus sp.,31.4,1.9,1.9,54,91,40,79,2,56
350,Buteo jamaicensis,48.0,1.0,1.2,49,95,79,16,100,76
351,Leptoptilos crumeniferus,12.2,1.1,1.3,98,5,27,76,50,37
352,Panthera tigris,20.3,1.0,1.3,39,99,95,58,36,32
353,Bettongia penicillata,64.9,1.1,1.5,66,82,43,37,87,91
354,Choriotis kori,78.0,1.2,1.2,99,24,34,56,95,81
355,Acanthaster planci,63.0,1.4,1.9,75,32,11,40,52,99
356,Capra ibex,9.9,1.5,1.2,63,11,42,52,8,35
357,Butorides striatus,47.6,1.1,1.7,61,73,18,45,1,20
358,Bos taurus,5.9,1.1,1.2,8,100,40,93,43,59
359,Erinaceus frontalis,68.2,1.2,1.8,4,4,67,56,67,62
360,Corvus albicollis,18.3,1.2,1.5,9,7,100,31,61,2
361,Damaliscus lunatus,35.2,1.7,1.3,12,25,79,65,69,20
362,Bison bison,6.1,1.7,1.2,29,25,18,72,59,60
363,Laniaurius atrococcineus,25.5,1.3,1.8,12,9,85,14,90,58
364,Iguana iguana,28.1,1.2,2.0,52,47,81,67,67,9
365,Actophilornis africanus,17.9,2.0,1.9,100,68,93,19,34,50
366,Ara ararauna,57.1,1.2,1.3,6,5,23,56,97,87
367,Panthera onca,26.3,1.3,1.4,25,92,57,72,44,19
368,Tockus erythrorhyncus,6.9,1.9,1.3,95,87,80,79,24,64
369,Passer domesticus,6.6,1.4,1.6,85,4,5,51,13,26
370,Agouti paca,27.9,1.2,1.4,23,48,75,92,37,87
371,Chauna torquata,7.0,1.3,1.8,81,30,45,95,31,94
372,Boa caninus,49.5,1.3,1.0,14,74,30,7,53,79
373,Ictonyx striatus,19.2,1.7,1.0,30,84,34,19,60,5
374,Larus dominicanus,50.8,2.0,1.8,75,60,87,44,43,12
375,Kobus defassa,56.5,1.0,1.6,27,2,82,61,25,47
376,Delphinus delphis,79.8,1.4,1.5,57,32,37,65,31,5
377,Bubulcus ibis,95.8,1.5,1.8,87,60,29,34,95,38
378,Spermophilus parryii,93.7,2.0,1.1,30,91,43,100,50,45
379,Tauraco porphyrelophus,37.1,1.2,1.2,45,43,67,54,48,53
380,Canis lupus lycaon,39.5,1.5,1.7,35,10,50,14,70,8
381,Semnopithecus entellus,62.2,1.7,1.4,39,39,37,53,28,68
382,Limnocorax flavirostra,14.2,1.3,1.7,50,59,51,75,87,63
383,Vanessa indica,78.8,1.7,2.0,70,37,64,91,94,55
384,Cebus apella,65.3,1.5,1.5,31,84,12,75,66,96
385,Eutamias minimus,91.5,1.5,1.6,5,72,74,51,93,48
386,Butorides striatus,6.0,1.4,1.3,98,22,74,65,21,16
387,Uraeginthus granatina,19.3,1.5,1.4,79,97,47,84,85,23
388,Globicephala melas,89.2,1.6,1.7,23,70,55,92,48,74
389,Lycaon pictus,69.8,1.3,1.4,8,56,8,92,6,17
390,unavailable,8.9,1.0,1.8,52,88,33,51,94,62
391,Choloepus hoffmani,52.0,1.6,1.7,36,7,16,81,11,94
392,Pteronura brasiliensis,96.6,1.9,1.8,30,96,96,89,95,90
393,Anastomus oscitans,41.0,1.7,2.0,17,92,99,97,28,98
394,Callipepla gambelii,18.4,1.3,1.8,42,76,16,79,89,69
395,Colobus guerza,49.0,2.0,1.1,86,3,83,73,69,86
396,Pycnonotus nigricans,22.3,1.2,2.0,93,6,27,71,40,20
397,Nasua narica,36.8,1.5,1.5,47,92,81,89,64,60
398,Spermophilus armatus,12.1,1.0,1.6,74,3,35,78,52,56
399,Elephas maximus bengalensis,53.7,1.1,1.9,44,55,80,69,32,83
400,Aegypius tracheliotus,94.7,1.3,1.4,41,65,36,38,87,80
401,Pteronura brasiliensis,44.9,1.8,1.2,47,83,5,47,19,93
402,Sylvicapra grimma,97.7,1.0,1.4,59,52,93,2,42,61
403,Bison bison,31.8,1.1,1.7,70,42,33,98,97,66
404,Cathartes aura,3.0,1.9,1.3,12,98,88,54,90,88
405,Eolophus roseicapillus,46.6,1.4,1.0,44,37,5,8,41,61
406,Crocuta crocuta,67.5,1.9,1.3,54,86,99,78,18,70
407,Odocoileus hemionus,62.4,1.0,1.3,98,69,73,100,11,25
408,Dasyurus maculatus,45.8,1.7,2.0,45,38,99,80,40,26
409,Alopochen aegyptiacus,83.0,2.0,1.7,53,67,55,41,44,95
410,Certotrichas paena,37.1,1.8,1.9,64,100,51,43,76,48
411,unavailable,17.7,1.4,1.3,54,41,45,83,62,77
412,Macropus rufus,17.1,2.0,1.1,67,29,62,57,16,1
413,Gyps bengalensis,41.7,1.3,2.0,29,84,92,26,29,7
414,Lorythaixoides concolor,16.9,1.6,1.1,80,7,19,49,10,76
415,Eremophila alpestris,89.9,1.7,1.0,32,22,52,31,12,69
416,Connochaetus taurinus,51.5,1.8,1.6,50,93,49,71,96,19
417,Nasua narica,82.6,1.1,1.2,56,49,94,76,88,70
418,Myotis lucifugus,82.0,1.8,1.3,38,5,33,85,84,4
419,Zenaida galapagoensis,15.6,1.8,1.4,80,39,1,34,91,86
420,Irania gutteralis,83.4,1.8,1.7,14,86,81,66,26,52
421,Physignathus cocincinus,72.1,1.1,1.9,65,85,46,3,82,79
422,Hippotragus equinus,44.6,1.6,2.0,4,3,80,32,43,83
423,Sylvilagus floridanus,17.2,1.0,1.7,2,82,46,55,41,1
424,Dasyurus maculatus,41.5,1.6,1.0,90,84,42,59,70,86
425,Otaria flavescens,3.1,1.2,1.5,32,86,19,30,72,87
426,Alces alces,54.6,1.1,1.4,2,11,24,96,74,23
427,Gyps bengalensis,83.3,1.9,1.7,65,73,68,54,65,75
428,Trichosurus vulpecula,68.8,1.4,1.8,18,43,9,12,40,93
429,Ramphastos tucanus,34.9,1.7,1.7,10,4,80,74,22,46
430,Equus hemionus,23.5,1.7,1.9,39,73,1,45,94,55
431,Phoeniconaias minor,4.7,1.9,1.8,100,58,75,11,5,42
432,Varanus sp.,38.6,1.6,1.5,66,20,69,6,74,76
433,Tragelaphus scriptus,19.9,1.5,2.0,12,61,74,86,31,50
434,Tringa glareola,34.7,2.0,1.3,83,29,11,70,77,21
435,Cervus duvauceli,60.5,1.3,1.6,59,52,72,62,97,86
436,Chlamydosaurus kingii,29.1,1.5,1.6,41,50,30,94,99,37
437,Eudyptula minor,31.6,1.3,1.0,16,19,33,89,91,4
438,Milvus migrans,52.9,1.6,1.5,84,27,99,21,1,92
439,Phoeniconaias minor,82.3,1.5,1.0,69,76,18,62,43,54
440,Haliaeetus leucoryphus,81.8,1.7,1.8,88,79,80,98,16,64
441,Bubalornis niger,13.3,1.6,1.4,16,25,91,69,92,23
442,Aquila chrysaetos,31.7,1.0,1.3,64,77,53,86,93,58
443,Vanellus armatus,57.0,1.8,1.7,71,58,18,97,97,28
444,Sterna paradisaea,95.6,2.0,1.8,52,77,76,73,46,72
445,Cracticus nigroagularis,34.5,1.2,1.5,64,23,55,24,29,47
446,Catharacta skua,2.9,1.6,1.2,31,54,78,64,62,36
447,Aonyx capensis,68.8,1.2,1.9,60,98,96,28,8,70
448,Trichosurus vulpecula,18.7,1.4,1.8,3,77,93,45,84,87
449,Hippopotamus amphibius,34.5,1.4,1.5,38,92,42,54,29,53
450,Eubalaena australis,50.3,2.0,1.9,9,30,56,15,10,41
451,Chlamydosaurus kingii,46.9,1.9,1.3,84,87,75,77,92,30
452,Libellula quadrimaculata,86.3,1.1,1.9,49,24,90,100,71,60
453,Mazama americana,75.2,1.8,2.0,21,3,65,77,63,35
454,Boa constrictor mexicana,43.8,1.6,1.2,16,7,33,33,87,36
455,Uraeginthus granatina,40.2,1.2,1.6,44,98,9,31,8,72
456,Equus burchelli,44.9,1.9,1.7,94,21,48,59,49,31
457,Picoides pubescens,50.1,1.3,1.6,38,40,89,69,23,21
458,Orcinus orca,41.5,1.0,1.8,88,15,85,56,48,42
459,Equus burchelli,50.1,1.2,1.3,7,40,3,25,28,85
460,Eutamias minimus,77.1,1.8,1.6,71,54,16,9,8,91
461,Larus dominicanus,27.5,1.0,1.8,57,65,98,78,95,88
462,Anas punctata,21.0,1.8,1.2,82,82,79,82,15,76
463,Macropus agilis,84.1,1.9,1.9,15,46,15,90,48,97
464,Amazona sp.,72.7,1.5,1.5,19,66,54,73,10,54
465,Hymenolaimus malacorhynchus,67.1,2.0,1.2,65,10,72,9,95,48
466,Plegadis ridgwayi,66.4,1.1,1.4,54,95,83,32,24,82
467,Phoeniconaias minor,86.7,1.7,1.6,30,4,13,11,77,83
468,Chlamydosaurus kingii,62.7,2.0,1.5,91,18,43,8,2,29
469,Castor fiber,54.2,1.3,1.8,42,78,85,24,6,91
470,Ploceus intermedius,44.3,1.8,1.2,17,42,71,8,47,19
471,Lemur fulvus,15.5,1.8,1.8,85,92,98,4,78,47
472,unavailable,74.9,1.0,1.8,65,98,98,84,3,64
473,Dendrocitta vagabunda,62.4,1.8,1.2,78,33,55,19,68,11
474,Cyrtodactylus louisiadensis,51.2,1.9,1.1,50,63,65,97,36,88
475,Tapirus terrestris,96.9,1.5,1.7,89,39,83,73,53,23
476,Anser anser,29.1,1.2,1.8,16,39,18,8,56,66
477,Lemur fulvus,34.0,1.8,1.3,15,33,95,80,94,40
478,Iguana iguana,22.3,1.8,1.1,29,22,63,65,76,6
479,Lasiorhinus latifrons,63.7,1.8,1.9,94,30,14,77,96,21
480,Merops sp.,52.7,1.9,1.6,84,91,94,81,52,1
481,Boselaphus tragocamelus,37.1,1.4,1.4,58,64,61,71,81,1
482,Haliaeetus leucocephalus,80.6,1.6,1.6,64,51,1,6,47,99
483,Heloderma horridum,81.9,1.1,1.7,74,71,20,39,1,55
484,Pteronura brasiliensis,82.9,1.5,1.9,43,82,39,32,34,1
485,Vanellus armatus,29.7,1.7,1.9,47,70,18,100,43,53
486,Psophia viridis,52.2,1.1,1.4,89,30,13,8,1,7
487,Paradoxurus hermaphroditus,48.3,1.0,1.8,59,32,53,9,79,54
488,Larus novaehollandiae,18.0,1.2,1.4,34,4,56,50,28,7
489,Cebus nigrivittatus,82.5,1.3,1.1,91,51,27,89,17,77
490,Snycerus caffer,33.1,2.0,1.6,34,60,45,48,66,23
491,Vombatus ursinus,87.0,1.5,1.0,15,45,35,16,29,55
492,Mazama americana,93.8,1.4,1.6,66,36,72,76,77,99
493,unavailable,74.8,1.7,1.8,10,37,61,1,2,3
494,Arctogalidia trivirgata,9.5,1.2,1.8,48,50,71,9,39,38
495,Plegadis falcinellus,5.8,1.8,1.5,100,30,76,13,6,98
496,Mazama gouazoubira,31.8,1.1,1.9,23,10,88,72,79,5
497,Sarkidornis melanotos,44.0,1.5,1.7,78,55,41,7,21,68
498,Larus novaehollandiae,58.2,1.9,1.6,12,92,53,58,16,76
499,Chloephaga melanoptera,84.8,1.8,1.2,5,60,64,71,3,98
500,Vanellus chilensis,50.0,1.9,1.8,88,12,44,49,45,97
501,Sula dactylatra,20.6,1.8,1.8,67,83,3,13,7,47
502,Tenrec ecaudatus,88.2,1.4,1.4,78,80,44,18,21,75
503,Mabuya spilogaster,33.2,1.1,1.4,44,10,9,83,40,87
504,Ephippiorhynchus mycteria,87.2,1.6,1.5,13,67,51,37,28,99
505,Melursus ursinus,84.9,1.3,1.5,63,1,59,75,27,15
506,Snycerus caffer,72.7,1.2,1.2,34,64,59,17,10,20
507,Bettongia penicillata,7.8,2.0,1.3,31,2,69,86,66,16
508,Varanus salvator,31.6,1.8,1.2,64,30,16,74,99,41
509,Actophilornis africanus,28.5,1.7,1.7,88,71,84,5,75,83
510,Melanerpes erythrocephalus,40.0,1.8,1.2,99,58,64,3,19,6
511,Phoenicopterus chilensis,42.8,1.3,1.6,37,8,42,23,25,6
512,Falco mexicanus,26.9,1.3,1.5,89,8,95,73,20,19
513,Sciurus niger,68.1,1.5,1.6,31,96,93,44,5,59
514,Lamprotornis superbus,47.7,1.7,1.7,26,99,26,19,79,93
515,Papio cynocephalus,85.1,1.5,1.2,91,33,27,60,32,45
516,Uraeginthus angolensis,42.0,1.5,1.9,79,15,3,13,11,62
517,Castor canadensis,5.7,1.6,2.0,95,59,76,27,47,54
518,Actophilornis africanus,28.2,1.2,1.1,96,88,42,65,89,24
519,Acanthaster planci,27.1,1.9,1.4,8,99,11,15,41,60
520,Chlamydosaurus kingii,10.7,1.4,1.3,73,98,57,91,20,72
521,Tayassu tajacu,95.2,1.2,1.4,55,68,67,84,92,72
522,Bradypus tridactylus,17.0,1.4,2.0,3,32,94,97,32,65
523,Acrobates pygmaeus,94.2,1.5,1.7,77,25,12,33,15,1
524,Phalacrocorax varius,30.6,1.4,1.9,16,74,6,89,55,96
525,Acanthaster planci,99.1,1.1,1.6,75,64,72,19,3,72
526,Thalasseus maximus,62.4,1.9,1.4,47,39,14,46,51,25
527,Pelecanus occidentalis,16.0,1.6,1.5,2,72,16,5,18,27
528,Macropus robustus,45.5,1.4,1.5,3,100,40,54,33,1
529,Lasiodora parahybana,82.7,1.5,1.3,63,57,65,45,9,25
530,unavailable,25.4,1.4,1.9,52,89,70,55,57,99
531,Crotalus adamanteus,85.4,1.7,1.7,3,44,94,4,76,65
532,Milvago chimachima,47.5,1.9,1.8,29,65,56,82,99,24
533,Zosterops pallidus,7.3,1.3,1.6,56,66,94,16,22,25
534,Megaderma spasma,65.3,1.4,1.1,48,57,51,62,62,54
535,Cracticus nigroagularis,53.3,1.7,1.3,59,8,4,8,92,10
536,Camelus dromedarius,28.8,1.0,1.7,8,100,9,93,97,55
537,Macaca fuscata,36.9,1.2,1.8,95,84,47,65,55,85
538,Bassariscus astutus,35.2,1.5,1.3,11,32,99,32,91,2
539,Microcebus murinus,4.5,1.2,1.7,97,30,73,93,51,25
540,Chauna torquata,48.3,1.2,1.0,28,78,96,15,17,60
541,Lasiodora parahybana,14.4,1.1,1.3,52,21,63,73,87,78
542,Eumetopias jubatus,56.1,1.4,1.2,9,11,3,38,53,62
543,unavailable,83.1,1.3,1.5,21,65,43,80,94,8
544,Acrantophis madagascariensis,71.5,1.5,1.8,57,64,42,38,3,5
545,Antechinus flavipes,81.2,1.7,1.8,58,45,4,29,21,47
546,Cereopsis novaehollandiae,60.8,1.8,1.9,51,79,1,54,71,64
547,Coendou prehensilis,94.7,1.3,1.1,13,69,40,99,4,21
548,Turtur chalcospilos,2.4,1.4,1.7,61,52,18,63,95,61
549,Panthera leo persica,82.8,1.1,1.5,22,39,60,46,79,94
550,Nycticorax nycticorax,65.1,1.8,1.0,21,27,2,33,22,19
551,Actophilornis africanus,67.8,1.1,1.5,100,92,31,85,49,36
552,Felis wiedi or Leopardus weidi,9.0,1.0,1.1,49,46,48,35,86,58
553,Phalacrocorax albiventer,66.0,1.8,1.3,94,62,56,56,79,46
554,Potos flavus,40.5,1.1,1.8,25,75,88,45,57,30
555,Pavo cristatus,66.6,1.5,1.7,87,45,52,33,62,97
556,Marmota monax,5.2,1.6,1.9,78,39,34,56,29,82
557,Psittacula krameri,2.5,1.6,1.9,18,89,57,43,39,42
558,Manouria emys,73.1,1.1,1.9,22,23,73,4,6,45
559,Grus rubicundus,27.2,1.8,1.7,88,98,67,56,71,38
560,Ephipplorhynchus senegalensis,3.8,1.3,1.4,9,82,29,51,87,88
561,Phaethon aethereus,29.4,1.6,1.5,96,85,46,61,42,36
562,Eurocephalus anguitimens,62.0,1.4,1.3,31,92,28,55,94,91
563,Castor fiber,97.4,1.9,1.6,100,27,30,5,30,79
564,Chlamydosaurus kingii,5.6,2.0,1.4,63,45,4,89,53,81
565,Uraeginthus granatina,58.6,1.2,2.0,59,9,100,2,50,83
566,Alopochen aegyptiacus,43.4,1.6,1.6,93,36,17,43,52,16
567,Pteronura brasiliensis,50.1,1.4,1.5,29,84,90,37,41,52
568,Speotyte cuniculata,95.6,1.8,1.0,58,47,63,95,22,95
569,Butorides striatus,47.6,1.2,1.4,5,71,7,86,65,86
570,Ammospermophilus nelsoni,36.9,1.3,2.0,47,21,92,47,67,95
571,Nesomimus trifasciatus,63.2,1.3,1.2,26,13,87,93,20,64
572,Aonyx capensis,63.5,1.3,1.3,1,71,91,51,54,45
573,Nucifraga columbiana,49.1,1.1,2.0,62,23,43,71,90,49
574,Chauna torquata,41.4,1.9,1.6,25,76,51,39,22,65
575,Terathopius ecaudatus,95.4,1.9,1.2,25,30,65,88,15,35
576,Egretta thula,35.4,1.7,1.3,43,61,99,77,1,66
577,Bubalus arnee,5.7,1.8,1.1,91,23,49,36,62,2
578,Psophia viridis,8.4,1.2,1.0,29,2,64,2,42,35
579,Papio cynocephalus,67.2,1.2,1.1,64,11,20,64,87,100
580,Cervus duvauceli,41.2,1.2,1.1,67,80,31,50,61,96
581,Pycnonotus nigricans,38.0,1.8,1.5,81,56,75,30,10,19
582,Antidorcas marsupialis,85.4,1.5,1.9,84,6,79,65,24,77
583,Merops bullockoides,70.9,1.5,1.3,79,42,21,61,30,67
584,Porphyrio porphyrio,48.3,2.0,1.4,70,95,94,81,6,97
585,Cacatua tenuirostris,92.6,1.2,1.7,74,40,11,38,12,99
586,Anitibyx armatus,18.9,1.5,1.3,22,75,38,4,70,80
587,Equus hemionus,86.0,1.4,1.5,51,24,79,63,59,81
588,Phalaropus fulicarius,30.5,1.9,1.7,9,23,40,98,56,14
589,Ceratotherium simum,35.7,1.6,1.4,98,21,10,79,52,12
590,Myrmecophaga tridactyla,25.4,1.8,2.0,5,78,3,64,53,67
591,Limosa haemastica,35.5,1.8,1.2,70,76,57,37,90,67
592,Varanus salvator,96.8,1.7,1.6,75,45,75,14,85,38
593,Leptoptilus dubius,91.9,1.9,1.1,19,35,72,47,97,35
594,Morelia spilotes variegata,9.0,1.9,1.3,9,43,82,69,95,14
595,Procyon lotor,54.6,1.6,1.6,46,5,12,43,83,42
596,Cyrtodactylus louisiadensis,42.9,1.7,1.6,60,16,10,32,67,37
597,Ictalurus furcatus,30.7,2.0,1.1,97,61,78,39,88,11
598,Milvus migrans,2.2,1.5,1.6,60,13,94,96,70,12
599,Geochelone radiata,59.2,1.4,1.0,76,23,65,49,65,37
600,Larus dominicanus,27.7,1.0,1.3,48,82,96,27,26,17
601,Paraxerus cepapi,6.8,1.7,1.5,37,32,86,87,82,85
602,Alcelaphus buselaphus caama,20.7,1.9,1.1,65,50,17,11,62,56
603,Propithecus verreauxi,94.2,1.1,1.1,25,19,43,72,32,38
604,Papilio canadensis,90.7,1.2,1.2,61,92,17,31,49,85
605,Ovibos moschatus,58.5,1.3,1.1,40,31,33,33,18,18
606,Spermophilus lateralis,25.2,1.0,1.4,69,6,68,20,53,21
607,Lycosa godeffroyi,53.7,1.6,1.6,35,90,78,15,73,11
608,Macaca fuscata,33.0,1.8,1.6,61,59,83,43,20,96
609,Butorides striatus,9.7,1.7,1.2,84,7,96,16,97,27
610,Theropithecus gelada,58.5,1.9,1.0,65,5,29,1,10,19
611,Paraxerus cepapi,44.0,1.0,1.8,94,7,87,14,22,13
612,Cacatua galerita,58.0,1.4,1.2,93,90,65,38,73,35
613,Genetta genetta,46.1,1.9,1.5,30,4,36,95,56,19
614,Ursus americanus,1.5,1.5,1.3,51,93,68,81,62,87
615,Calyptorhynchus magnificus,81.6,1.4,1.5,68,6,98,17,26,42
616,Melursus ursinus,3.8,1.4,1.8,25,79,78,58,54,78
617,Agkistrodon piscivorus,50.0,1.0,1.6,21,13,75,26,92,25
618,Trachyphonus vaillantii,31.9,1.4,1.1,11,1,57,35,33,90
619,Ornithorhynchus anatinus,31.2,1.4,1.2,84,61,50,48,33,23
620,Gazella thompsonii,69.5,2.0,1.1,53,83,33,54,47,27
621,Anthropoides paradisea,75.6,1.4,1.1,41,92,98,89,36,95
622,Francolinus swainsonii,55.1,1.9,1.0,12,61,1,10,44,8
623,Anitibyx armatus,69.5,1.5,1.2,30,44,25,94,83,73
624,Psophia viridis,16.8,1.4,1.1,10,66,15,76,46,70
625,Pseudalopex gymnocercus,21.2,1.5,1.5,13,89,41,11,58,37
626,Spermophilus parryii,40.4,1.5,1.0,51,86,35,33,38,27
627,Chordeiles minor,58.3,1.5,1.2,40,89,1,75,40,16
628,Dicrostonyx groenlandicus,40.5,1.2,1.6,57,19,65,76,22,38
629,Thylogale stigmatica,80.8,1.5,1.6,82,9,97,18,95,4
630,Columba palumbus,84.4,1.4,1.6,69,92,14,95,77,8
631,Anitibyx armatus,40.5,1.0,1.2,66,72,69,31,27,9
632,Nyctea scandiaca,6.4,1.1,1.4,96,79,21,45,91,91
633,Aonyx capensis,43.6,1.6,1.0,43,8,77,2,97,42
634,Phascogale calura,74.2,1.1,1.6,52,78,99,21,72,5
635,Hymenolaimus malacorhynchus,9.4,1.9,1.5,36,60,87,32,18,28
636,Alopochen aegyptiacus,75.9,2.0,1.0,63,71,59,1,88,9
637,Marmota monax,41.8,1.7,1.8,18,71,47,51,31,57
638,Speotyte cuniculata,74.5,1.1,1.5,48,15,14,63,84,84
639,Manouria emys,21.0,1.2,1.1,86,16,73,31,47,30
640,unavailable,45.2,1.5,1.7,29,12,61,56,30,70
641,Bucephala clangula,84.0,2.0,1.2,64,8,6,20,19,21
642,Panthera leo,13.4,1.4,1.1,11,47,83,92,91,17
643,Phalaropus fulicarius,5.1,1.2,1.8,28,95,20,94,99,38
644,Spilogale gracilis,98.4,1.5,2.0,41,98,19,7,12,73
645,Mungos mungo,84.1,1.6,1.6,69,22,37,33,11,19
646,Sceloporus magister,11.5,1.3,1.3,79,45,97,86,69,31
647,Pseudoleistes virescens,72.9,1.9,1.2,40,98,55,96,22,59
648,Eolophus roseicapillus,81.9,1.1,1.5,79,36,58,93,8,76
649,Bos taurus,7.2,2.0,1.9,90,36,21,51,38,83
650,Neophron percnopterus,39.6,1.2,1.7,39,53,91,75,93,53
651,Diomedea irrorata,32.3,1.7,1.7,57,1,12,29,28,25
652,Lama glama,43.9,1.5,1.1,2,3,74,42,43,89
653,Phalacrocorax varius,97.1,1.5,1.8,41,76,82,77,46,30
654,Phoenicopterus ruber,22.5,1.1,1.9,82,8,61,15,50,38
655,Vanessa indica,16.6,1.5,2.0,28,66,2,46,58,100
656,Lamprotornis chalybaeus,65.8,1.7,1.2,94,73,70,63,95,100
657,Passer domesticus,35.8,1.5,1.9,88,16,74,45,11,71
658,Damaliscus lunatus,5.2,1.1,1.0,29,43,24,47,94,25
659,Acrantophis madagascariensis,40.4,1.2,1.9,18,74,21,67,32,90
660,Elephas maximus bengalensis,5.9,1.7,1.6,86,6,59,77,50,98
661,Pseudalopex gymnocercus,29.6,1.9,1.1,84,26,100,91,18,4
662,Taurotagus oryx,67.4,1.6,1.8,34,79,31,3,14,58
663,Alligator mississippiensis,46.1,1.8,1.8,25,82,35,27,82,81
664,Turtur chalcospilos,48.3,1.1,1.1,45,55,69,90,77,28
665,Calyptorhynchus magnificus,20.9,1.5,1.3,78,20,38,99,64,4
666,Streptopelia senegalensis,85.6,1.3,1.2,43,14,44,13,75,96
667,Lepus arcticus,98.9,1.4,1.8,67,41,4,36,66,86
668,Anser caerulescens,49.7,1.3,1.4,87,66,26,90,46,50
669,Macropus robustus,24.9,1.1,1.7,80,14,30,59,93,35
670,Ornithorhynchus anatinus,98.3,1.6,1.8,12,20,8,29,70,76
671,Bassariscus astutus,15.1,1.5,1.4,59,70,87,61,42,98
672,Redunca redunca,24.9,1.7,1.1,96,48,97,97,55,53
673,Felis concolor,55.3,1.0,1.5,88,39,92,47,88,68
674,Eurocephalus anguitimens,77.6,1.5,1.9,11,56,62,51,71,40
675,Pelecanus conspicillatus,37.4,1.3,1.1,36,48,62,8,47,52
676,Lepus townsendii,42.4,1.4,1.7,43,72,73,32,64,69
677,Lamprotornis nitens,22.0,1.5,1.0,19,34,61,80,12,9
678,Lybius torquatus,66.8,1.4,1.1,6,50,100,86,66,11
679,Larus dominicanus,47.3,1.2,1.0,56,11,40,80,87,32
680,Potos flavus,69.9,1.5,1.8,34,56,38,15,5,44
681,Ammospermophilus nelsoni,40.7,1.3,1.7,80,5,37,77,40,51
682,Trichoglossus chlorolepidotus,86.8,1.7,1.3,86,38,68,9,23,86
683,Tursiops truncatus,57.5,2.0,1.9,78,10,28,47,96,60
684,Spizaetus coronatus,88.0,1.3,1.6,28,28,54,30,60,97
685,Felis pardalis,16.7,1.8,1.1,32,62,92,30,6,69
686,Macaca mulatta,78.5,1.5,1.8,57,18,76,88,44,58
687,Tachybaptus ruficollis,12.5,2.0,1.5,42,27,62,89,26,82
688,Anas platyrhynchos,95.4,1.6,1.0,36,41,49,52,75,5
689,Butorides striatus,95.6,2.0,1.8,1,19,39,89,13,59
690,Procyon lotor,74.6,1.3,1.9,90,56,67,71,54,27
691,Trachyphonus vaillantii,23.6,1.4,1.0,35,69,90,54,65,71
692,Ovis ammon,30.7,1.0,1.2,34,57,70,57,20,61
693,Semnopithecus entellus,22.8,1.3,1.1,37,32,71,4,63,69
694,Eubalaena australis,69.8,2.0,1.1,48,92,12,62,83,84
695,Centrocercus urophasianus,25.6,1.6,1.1,10,7,50,56,49,16
696,Bubalornis niger,48.0,1.5,1.9,22,30,88,65,42,1
697,Priodontes maximus,87.3,1.9,1.6,68,17,73,24,74,100
698,Streptopelia senegalensis,22.2,1.1,1.7,98,35,12,4,46,27
699,Corvus brachyrhynchos,7.8,1.7,1.9,45,28,52,45,48,17
700,Speothos vanaticus,21.4,1.8,1.6,61,41,4,82,68,48
701,Chlidonias leucopterus,62.1,1.1,1.6,74,2,90,99,100,44
702,Aegypius occipitalis,5.5,1.5,2.0,60,46,2,94,43,62
703,Dendrohyrax brucel,70.5,1.7,1.7,42,76,76,5,86,61
704,Melophus lathami,72.7,1.9,1.2,13,38,88,8,45,17
705,Felis silvestris lybica,64.1,1.4,1.7,32,57,61,19,21,2
706,Equus hemionus,72.8,1.1,1.9,76,34,61,60,79,42
707,Alectura lathami,58.5,1.8,1.2,29,36,31,12,9,11
708,Casmerodius albus,23.2,1.7,1.5,89,58,20,63,72,8
709,Capra ibex,71.6,1.8,1.9,39,42,13,54,3,28
710,Butorides striatus,39.5,1.9,1.3,34,41,83,92,37,73
711,Sylvilagus floridanus,75.2,1.7,1.2,10,58,60,16,50,93
712,Uraeginthus angolensis,61.1,1.6,1.2,69,54,37,92,100,23
713,Pseudocheirus peregrinus,86.4,2.0,1.4,68,56,91,77,65,25
714,Hippopotamus amphibius,10.8,1.3,1.5,53,51,6,75,48,40
715,Marmota monax,71.4,1.4,1.3,40,96,9,57,74,93
716,Recurvirostra avosetta,71.8,2.0,1.4,99,81,6,24,4,7
717,Parus atricapillus,44.2,1.4,1.6,21,95,31,36,75,72
718,Pytilia melba,46.4,1.2,1.8,66,46,87,31,97,66
719,Neophron percnopterus,20.9,1.3,1.8,56,53,71,76,88,36
720,Canis dingo,43.1,2.0,1.9,81,18,2,75,40,24
721,Graspus graspus,3.6,1.6,1.1,52,54,35,35,25,21
722,Canis mesomelas,35.9,1.3,1.0,13,98,6,74,33,78
723,Centrocercus urophasianus,20.5,1.5,1.2,72,38,5,27,36,71
724,Aonyx cinerea,88.4,1.3,1.9,63,3,56,19,84,46
725,Ratufa indica,22.0,1.9,1.1,45,49,28,54,100,40
726,Castor fiber,57.3,1.2,1.6,25,80,89,100,7,3
727,Phalaropus fulicarius,97.0,1.0,1.8,68,82,38,86,4,9
728,Cacatua tenuirostris,29.1,1.3,1.0,91,82,34,43,7,69
729,Passer domesticus,8.3,1.7,1.4,91,9,51,78,44,47
730,Boselaphus tragocamelus,88.3,1.7,1.9,46,6,91,99,8,85
731,Hymenolaimus malacorhynchus,81.2,1.8,1.5,53,27,30,2,97,2
732,Anser anser,44.0,1.3,1.2,84,69,100,44,59,83
733,Antilocapra americana,45.3,1.2,1.0,15,4,91,63,10,94
734,Carduelis pinus,5.0,1.0,1.1,67,4,37,15,28,49
735,Fratercula corniculata,56.9,1.7,1.3,19,37,99,14,68,34
736,Lorythaixoides concolor,13.2,1.0,1.9,53,50,39,44,81,72
737,Pavo cristatus,97.7,1.5,1.4,43,5,100,69,61,69
738,Dendrocitta vagabunda,57.4,1.2,1.2,23,71,90,37,31,39
739,Lutra canadensis,52.7,1.2,1.0,82,70,56,8,95,2
740,Cynictis penicillata,20.7,1.9,1.8,98,8,63,76,60,4
741,Salvadora hexalepis,9.2,1.4,1.6,60,1,75,35,66,45
742,Mycteria leucocephala,79.5,1.1,1.7,72,94,52,56,84,51
743,Diceros bicornis,10.2,1.8,2.0,23,84,91,59,86,45
744,Ursus americanus,5.5,1.8,1.6,37,91,48,81,76,20
745,Laniarius ferrugineus,50.7,1.6,1.3,52,73,81,16,37,42
746,Bucorvus leadbeateri,67.0,1.1,1.5,10,6,35,92,29,95
747,Taurotagus oryx,55.2,1.6,1.2,72,58,40,73,47,95
748,Isoodon obesulus,20.4,1.9,1.7,52,28,6,99,90,18
749,Columba livia,29.8,1.5,1.5,50,43,74,88,40,79
750,Phoenicopterus chilensis,50.8,1.3,1.4,76,95,27,32,44,3
751,Procyon cancrivorus,30.2,1.5,1.1,80,83,11,88,27,68
752,Phalaropus lobatus,47.6,1.2,1.3,65,46,83,73,1,22
753,Thylogale stigmatica,4.8,2.0,1.2,95,44,41,29,37,31
754,Ovis orientalis,54.3,1.2,1.4,23,28,51,49,44,16
755,Genetta genetta,74.0,1.2,1.3,100,29,10,64,45,47
756,Tadorna tadorna,46.1,1.4,1.7,10,78,64,80,52,37
757,Varanus sp.,33.0,1.6,1.3,75,97,77,86,90,69
758,Cyrtodactylus louisiadensis,93.3,1.2,1.1,53,36,80,82,18,73
759,Trachyphonus vaillantii,64.1,1.1,1.9,86,27,86,2,58,62
760,Cervus duvauceli,12.8,1.8,1.8,25,6,40,30,33,70
761,Choloepus hoffmani,82.7,1.1,1.5,52,50,66,100,44,16
762,Gerbillus sp.,87.3,1.2,1.8,23,76,6,27,87,31
763,Anthropoides paradisea,43.4,1.8,1.6,48,3,49,38,64,27
764,Ara ararauna,5.1,1.3,1.1,52,90,20,94,60,94
765,Aonyx cinerea,35.5,1.9,1.6,29,94,41,93,17,46
766,Semnopithecus entellus,97.2,1.2,1.4,26,55,50,14,10,43
767,Equus burchelli,76.9,1.3,1.8,4,18,53,20,91,89
768,Eremophila alpestris,90.8,1.4,1.3,33,32,12,16,83,13
769,Nasua narica,28.5,2.0,1.2,32,67,25,61,90,95
770,Bubo virginianus,36.2,1.4,1.3,28,76,43,10,66,75
771,Taurotagus oryx,65.3,1.4,1.1,49,98,41,44,71,96
772,Numida meleagris,69.0,1.8,1.2,57,78,47,88,11,56
773,Columba livia,3.3,1.9,2.0,59,54,16,36,87,76
774,Phalaropus lobatus,47.4,1.8,1.1,36,77,43,9,47,1
775,Calyptorhynchus magnificus,92.1,1.6,1.2,15,67,86,61,17,55
776,Canis mesomelas,88.7,2.0,1.7,14,79,33,40,21,93
777,Larus fuliginosus,24.5,1.0,1.6,94,70,76,88,71,30
778,Mellivora capensis,98.1,2.0,1.2,3,70,53,63,75,37
779,Felis silvestris lybica,57.2,1.1,1.8,36,11,30,68,34,82
780,Ursus arctos,84.3,2.0,1.2,61,31,25,70,57,25
781,Bradypus tridactylus,49.0,1.0,1.3,66,5,83,87,96,24
782,Vanessa indica,5.6,1.1,1.9,59,56,99,22,7,56
783,Papio cynocephalus,39.1,1.2,1.6,76,36,57,70,85,57
784,Ciconia ciconia,36.5,1.3,1.4,79,55,18,75,8,2
785,Anser caerulescens,45.7,1.6,2.0,99,98,50,49,56,98
786,Neophoca cinerea,70.9,1.0,1.7,91,72,86,69,47,32
787,Eumetopias jubatus,72.9,1.4,1.1,47,35,32,12,59,91
788,Myrmecophaga tridactyla,17.8,1.7,1.9,5,73,37,38,81,25
789,Alopex lagopus,72.0,1.5,1.2,93,98,55,42,14,68
790,Cordylus giganteus,28.7,1.5,1.2,15,33,41,11,69,47
791,Vulpes cinereoargenteus,70.9,1.6,1.5,1,9,89,24,13,6
792,Macaca nemestrina,48.0,1.1,1.2,41,77,56,82,4,92
793,Francolinus leucoscepus,40.6,1.5,1.5,18,32,76,19,48,47
794,Phoenicopterus chilensis,88.1,1.4,1.8,9,98,12,24,92,76
795,Morelia spilotes variegata,15.5,1.8,1.4,11,10,7,72,70,52
796,Grus rubicundus,19.6,1.3,1.1,59,85,80,98,60,73
797,Buteo jamaicensis,26.9,1.2,2.0,78,11,89,94,26,41
798,Phascogale tapoatafa,68.8,1.7,1.4,82,19,85,93,39,62
799,Acanthaster planci,19.7,1.2,1.8,59,62,34,57,39,8
800,Dasypus novemcinctus,10.5,1.8,1.8,10,17,34,93,33,18
801,Hyaena brunnea,73.9,1.9,1.2,23,19,45,29,84,74
802,Ovis ammon,30.2,1.1,1.4,47,28,74,32,59,75
803,Ramphastos tucanus,47.8,1.9,1.9,50,95,69,46,83,27
804,Lamprotornis sp.,27.9,1.8,1.5,15,9,20,85,75,70
805,Meleagris gallopavo,25.8,1.9,1.2,32,38,64,94,82,86
806,Speotyte cuniculata,94.6,1.1,1.4,78,18,34,38,94,17
807,Ciconia ciconia,37.7,1.7,1.7,68,55,2,56,79,39
808,Cracticus nigroagularis,91.3,1.5,1.7,12,98,86,28,58,68
809,Sula nebouxii,80.2,1.5,1.3,36,93,6,9,25,95
810,Macaca fuscata,81.3,1.4,1.2,8,79,99,92,27,11
811,Fratercula corniculata,73.6,1.8,1.9,90,99,56,82,12,74
812,Phalacrocorax carbo,81.4,1.7,1.3,46,35,10,75,79,9
813,Arctogalidia trivirgata,34.4,1.7,1.2,33,75,96,25,89,52
814,Ephippiorhynchus mycteria,12.2,1.1,1.3,31,12,73,1,5,14
815,Cynomys ludovicianus,23.4,1.5,1.7,51,85,55,3,95,38
816,Melursus ursinus,3.4,1.3,1.9,53,22,21,5,78,27
817,Litrocranius walleri,4.3,1.0,1.9,81,45,66,92,36,69
818,Ctenophorus ornatus,7.5,1.8,2.0,21,62,12,2,70,66
819,Manouria emys,1.4,1.6,1.3,84,18,94,66,54,33
820,Gekko gecko,52.5,1.4,1.7,73,97,62,20,82,78
821,Phalaropus lobatus,6.0,1.5,1.2,42,7,85,85,69,25
822,Alcelaphus buselaphus cokii,51.6,1.3,1.9,8,62,4,68,61,34
823,Pseudoleistes virescens,17.4,1.8,1.4,25,74,52,18,7,58
824,Pelecanus occidentalis,37.2,1.2,1.8,68,62,38,78,4,44
825,Equus hemionus,37.8,1.8,1.6,23,65,54,62,48,59
826,Limosa haemastica,22.7,1.2,1.4,26,47,5,72,63,19
827,Varanus sp.,46.9,1.1,2.0,4,52,62,16,79,47
828,Corvus albicollis,28.3,1.6,1.4,26,31,17,91,65,64
829,Mazama americana,87.8,1.3,1.0,63,75,9,26,73,41
830,Sylvicapra grimma,80.3,1.6,1.7,13,55,49,57,1,70
831,Boa caninus,80.2,1.7,1.7,93,19,72,96,2,86
832,Papio cynocephalus,33.2,1.3,1.4,77,65,28,19,72,27
833,Uraeginthus granatina,40.1,1.5,2.0,60,25,8,59,48,46
834,Pseudocheirus peregrinus,43.9,1.4,1.6,29,45,24,91,82,30
835,Oreamnos americanus,4.5,1.5,1.6,71,90,44,37,95,76
836,Oncorhynchus nerka,42.6,1.3,1.1,24,50,5,92,68,55
837,Tringa glareola,18.4,1.5,1.6,97,12,64,93,73,13
838,Ceratotherium simum,24.7,1.4,1.8,35,95,18,19,76,98
839,Ovis dalli stonei,44.4,1.0,1.3,31,26,89,99,49,90
840,Manouria emys,62.0,1.7,1.7,69,91,26,23,22,38
841,Pseudocheirus peregrinus,2.8,1.4,1.7,15,46,67,26,8,6
842,Uraeginthus bengalus,69.4,1.4,1.5,63,27,35,29,86,54
843,Meleagris gallopavo,29.6,1.5,1.7,68,62,65,46,77,64
844,Streptopelia senegalensis,97.6,1.6,1.3,45,40,93,83,15,57
845,Fregata magnificans,87.3,1.4,1.3,94,27,9,5,45,82
846,Macaca fuscata,70.9,1.9,1.0,55,62,81,62,14,20
847,Alopex lagopus,57.5,1.9,1.1,40,72,87,40,17,98
848,Boa constrictor mexicana,58.9,1.4,1.6,72,63,1,75,16,19
849,Milvus migrans,5.3,1.3,1.4,27,90,90,64,35,57
850,Callorhinus ursinus,86.2,1.8,1.2,93,71,46,18,9,58
851,Uraeginthus granatina,37.7,1.0,1.1,92,45,91,18,19,58
852,Rangifer tarandus,79.3,1.6,1.4,9,71,62,75,49,62
853,Cebus albifrons,2.8,1.3,1.2,51,7,42,7,33,41
854,Varanus sp.,33.7,1.7,1.0,75,28,60,28,58,9
855,Vulpes chama,35.4,1.8,1.7,88,1,75,85,10,4
856,Tachybaptus ruficollis,9.6,1.6,1.2,93,71,16,24,28,92
857,Petaurus norfolcensis,82.0,1.2,1.9,47,67,93,37,42,86
858,Ateles paniscus,18.0,1.9,1.8,35,7,3,78,84,56
859,unavailable,80.5,1.0,1.5,28,67,53,17,28,95
860,Odocoileus hemionus,27.4,1.4,1.3,53,84,2,52,6,31
861,Loxodonta africana,11.8,1.2,1.5,5,75,71,15,6,73
862,Ara chloroptera,43.5,1.5,1.2,88,81,95,71,68,14
863,Nesomimus trifasciatus,34.0,1.6,1.6,14,17,86,74,35,41
864,Bubulcus ibis,78.2,1.5,1.5,55,6,26,6,30,51
865,Meleagris gallopavo,21.0,1.9,1.4,23,99,37,89,37,100
866,Cervus elaphus,4.7,1.6,1.1,70,47,41,33,91,44
867,Dicrostonyx groenlandicus,48.3,1.2,2.0,17,32,45,68,13,62
868,Colobus guerza,22.6,1.4,1.5,33,60,90,52,72,33
869,Ara ararauna,77.1,1.2,1.2,87,17,50,91,48,24
870,Calyptorhynchus magnificus,23.7,1.1,1.3,32,57,91,98,46,22
871,Ephippiorhynchus mycteria,61.1,1.8,1.0,23,66,51,33,99,92
872,Eolophus roseicapillus,5.4,1.5,1.2,86,16,21,2,41,26
873,Psophia viridis,54.9,1.7,1.8,39,58,90,58,73,51
874,Pycnonotus nigricans,65.6,1.4,1.4,37,16,72,32,40,87
875,Varanus sp.,68.6,1.2,1.3,13,27,91,87,88,49
876,Bettongia penicillata,46.9,1.7,1.0,92,85,98,31,55,86
877,Cebus apella,63.0,1.4,1.9,4,69,66,14,94,21
878,Rana sp.,1.9,1.8,1.7,98,65,4,95,86,20
879,unavailable,75.2,1.2,1.6,72,2,34,75,52,72
880,Melanerpes erythrocephalus,19.2,1.7,1.6,54,67,11,93,60,31
881,Ara ararauna,10.4,1.7,1.8,84,67,1,49,8,51
882,Capreolus capreolus,79.2,1.2,1.4,80,69,2,96,78,34
883,Canis lupus lycaon,43.8,1.3,2.0,41,78,98,17,88,11
884,Papilio canadensis,95.1,1.3,1.8,76,49,50,63,77,50
885,Felis concolor,32.8,1.8,1.6,65,29,91,56,87,77
886,Mirounga leonina,46.8,1.2,1.9,52,79,7,80,75,69
887,Cracticus nigroagularis,73.3,1.5,1.2,42,26,29,13,70,72
888,Ovis orientalis,55.5,1.9,1.6,61,71,75,76,58,63
889,Rhabdomys pumilio,21.6,2.0,1.9,1,28,94,71,98,40
890,Junonia genoveua,85.1,1.9,1.9,3,18,46,56,23,79
891,Anas bahamensis,81.1,1.2,1.1,77,20,24,88,7,11
892,Antidorcas marsupialis,24.3,1.3,1.2,42,41,84,35,70,68
893,Pycnonotus nigricans,56.4,1.9,1.6,40,38,80,77,49,23
894,Coracias caudata,95.2,1.4,1.7,55,65,80,59,56,36
895,Podargus strigoides,71.4,1.6,1.1,91,35,99,65,98,97
896,unavailable,52.1,1.1,2.0,5,92,3,63,34,14
897,Choloepus hoffmani,67.8,1.3,1.5,6,16,79,16,17,50
898,Gopherus agassizii,58.8,1.3,1.1,6,63,41,4,54,75
899,Pycnonotus barbatus,79.9,1.4,1.1,57,42,66,41,18,34
900,Corvus brachyrhynchos,20.1,1.3,2.0,23,89,92,75,93,61
901,Bubo virginianus,95.8,1.2,2.0,94,59,53,21,3,69
902,Anastomus oscitans,92.5,1.6,1.6,27,71,56,50,25,95
903,Ateles paniscus,3.4,1.8,1.7,65,99,10,73,25,46
904,Merops nubicus,60.6,1.3,1.1,31,35,51,18,95,92
905,Lutra canadensis,56.5,1.3,1.1,43,14,98,10,49,47
906,Antechinus flavipes,29.2,1.7,1.6,6,3,73,73,96,40
907,Corythornis cristata,41.9,1.7,1.8,46,29,26,27,4,16
908,Ciconia ciconia,56.3,2.0,1.8,55,34,80,3,51,72
909,Eubalaena australis,12.9,1.3,1.4,30,52,92,52,37,3
910,Odocoileus hemionus,49.8,1.6,1.3,81,26,45,22,86,48
911,Rhea americana,47.5,1.7,1.8,96,28,64,16,95,50
912,Tapirus terrestris,97.4,1.9,1.9,95,25,44,8,40,65
913,Spermophilus parryii,76.8,1.5,1.1,7,9,68,5,99,71
914,Ratufa indica,86.2,1.7,1.5,96,32,36,62,70,8
915,Gopherus agassizii,3.3,1.0,1.1,97,67,32,57,90,89
916,Meles meles,6.8,1.3,1.0,16,77,71,41,26,15
917,Zonotrichia capensis,17.5,1.3,2.0,44,14,25,83,82,11
918,Alopex lagopus,65.9,1.6,1.3,51,47,72,35,97,96
919,Echimys chrysurus,17.3,1.5,1.9,47,27,77,30,51,32
920,Irania gutteralis,53.6,1.4,1.4,63,3,63,95,44,98
921,Tamandua tetradactyla,86.7,2.0,1.4,81,34,70,32,98,97
922,Epicrates cenchria maurus,18.4,1.7,1.9,68,4,56,80,10,50
923,Myrmecophaga tridactyla,74.9,1.1,1.7,69,75,82,45,93,78
924,Cereopsis novaehollandiae,81.5,1.9,1.5,40,74,60,19,99,99
925,Pitangus sulphuratus,45.2,1.8,1.0,43,30,50,92,49,8
926,Orcinus orca,94.0,1.4,1.7,66,25,63,64,41,25
927,Crocuta crocuta,1.7,1.7,1.7,81,47,24,63,44,24
928,Macropus rufus,25.2,1.2,1.0,22,40,21,30,28,47
929,Geochelone elephantopus,69.2,1.4,1.2,41,46,37,75,25,42
930,Antechinus flavipes,17.3,1.4,1.5,60,94,16,38,61,99
931,Microcebus murinus,25.2,2.0,1.3,52,45,46,24,96,52
932,Ara macao,85.2,1.1,1.1,22,8,93,67,4,40
933,Tayassu pecari,10.1,1.8,1.8,2,40,68,45,70,27
934,Ara ararauna,31.0,1.4,1.4,7,67,96,45,77,54
935,Cervus duvauceli,25.5,1.8,1.3,57,45,98,17,32,20
936,Psophia viridis,1.6,1.4,1.9,1,10,30,1,82,86
937,Rangifer tarandus,65.8,1.7,1.8,49,40,96,55,50,12
938,Ictonyx striatus,78.5,1.4,1.4,11,78,91,21,4,10
939,Vulpes chama,15.5,1.7,1.1,43,35,71,3,40,63
940,Pelecanus conspicillatus,48.1,1.9,1.4,25,76,80,62,67,30
941,Trichoglossus chlorolepidotus,53.2,1.8,1.1,84,68,31,27,18,60
942,Zosterops pallidus,99.4,1.4,1.5,87,7,23,79,3,61
943,Pterocles gutturalis,84.9,1.6,1.7,9,8,58,92,94,99
944,Junonia genoveua,27.0,1.6,1.2,10,1,78,4,73,53
945,Helogale undulata,42.1,1.5,1.1,87,73,17,4,25,47
946,unavailable,99.1,1.2,1.9,58,61,24,77,71,31
947,Colaptes campestroides,41.0,1.8,1.6,17,100,61,74,39,90
948,Macropus rufogriseus,93.0,1.3,1.2,72,20,88,12,75,64
949,Pavo cristatus,99.6,1.5,1.3,71,93,39,77,19,66
950,Naja haje,41.3,1.0,1.9,83,84,90,24,68,16
951,Ctenophorus ornatus,79.1,1.8,1.2,74,26,45,64,16,85
952,Echimys chrysurus,91.9,1.1,1.4,48,94,98,48,46,43
953,Ara ararauna,82.7,2.0,1.7,59,23,23,48,44,94
954,Neophron percnopterus,44.9,1.8,1.7,95,2,71,10,93,36
955,Bassariscus astutus,65.5,1.3,1.6,34,84,97,7,68,36
956,Pycnonotus nigricans,33.2,1.5,1.1,43,55,15,1,97,96
957,Carphophis sp.,39.7,1.4,1.2,68,4,50,32,19,3
958,Pseudocheirus peregrinus,12.4,1.3,1.3,9,78,78,66,76,51
959,Gazella granti,42.0,1.6,1.3,13,15,46,1,42,55
960,Ursus maritimus,96.1,1.1,1.9,66,93,31,86,9,92
961,Equus burchelli,10.2,1.3,1.3,30,75,6,65,47,15
962,Priodontes maximus,69.8,1.9,1.3,87,15,24,37,72,4
963,Cygnus buccinator,61.8,1.2,1.6,17,32,75,55,33,83
964,Equus burchelli,40.7,1.6,1.2,63,99,84,65,85,31
965,Thalasseus maximus,77.0,1.6,1.1,22,76,30,12,77,58
966,Zonotrichia capensis,46.1,1.4,1.1,93,92,58,22,71,73
967,Trichoglossus chlorolepidotus,26.3,2.0,1.8,58,11,69,85,56,99
968,Felis wiedi or Leopardus weidi,45.3,1.7,1.9,82,10,84,18,49,91
969,Pycnonotus nigricans,52.5,1.7,1.2,72,84,29,64,42,9
970,Pelecanus occidentalis,35.8,1.6,1.5,85,50,65,91,84,36
971,Acanthaster planci,45.7,1.8,1.5,65,20,29,73,82,21
972,Dasypus septemcincus,64.8,1.5,1.6,39,85,34,69,32,5
973,Ara chloroptera,49.1,1.2,1.5,80,50,18,17,95,63
974,Castor canadensis,76.3,1.5,1.0,88,70,42,37,37,77
975,Uraeginthus angolensis,10.0,1.7,1.8,68,87,5,75,39,93
976,Varanus sp.,21.7,1.5,1.3,40,49,50,88,54,47
977,Leptoptilus dubius,54.1,2.0,1.9,20,51,81,78,75,82
978,Phylurus milli,22.2,1.7,1.7,37,58,32,28,92,96
979,Columba palumbus,25.1,1.6,1.6,88,97,86,13,53,26
980,Mazama americana,54.2,1.4,1.7,90,69,41,39,81,17
981,Thalasseus maximus,12.8,1.0,1.3,65,45,44,34,18,31
982,Ninox superciliaris,27.8,1.6,1.3,76,52,60,5,93,13
983,Pseudalopex gymnocercus,60.0,1.4,1.0,92,55,74,8,21,50
984,Toxostoma curvirostre,48.7,1.1,1.9,4,25,55,62,12,93
985,Philetairus socius,47.1,1.3,1.7,79,19,1,79,46,27
986,Dasyurus viverrinus,58.0,1.6,1.5,85,2,67,38,43,53
987,Felis chaus,76.6,1.2,1.5,93,38,5,49,75,20
988,Meles meles,50.6,1.4,1.2,95,34,80,78,90,48
989,Phacochoerus aethiopus,3.2,1.8,1.1,40,57,22,35,3,75
990,Mazama gouazoubira,40.4,1.8,1.1,85,38,58,4,90,30
991,Ramphastos tucanus,3.4,2.0,1.7,81,43,28,80,55,11
992,Bubo virginianus,41.5,1.6,1.5,75,43,26,41,95,40
993,Tragelaphus strepsiceros,78.4,1.1,1.3,33,29,36,33,57,31
994,Priodontes maximus,31.4,1.5,1.6,48,49,19,4,51,58
995,Agelaius phoeniceus,84.5,1.8,1.8,23,89,3,76,4,65
996,Sciurus vulgaris,15.7,2.0,1.7,50,69,86,78,97,56
997,Tringa glareola,66.0,1.5,1.1,26,80,83,81,7,98
998,Ciconia episcopus,77.5,1.8,1.7,83,31,27,75,62,88
999,Phalaropus lobatus,46.5,1.4,1.7,59,56,9,46,34,35
1000,Spizaetus coronatus,20.7,1.5,1.4,11,92,38,51,6,73
